,EX_2hb_e,EX_ac_e,EX_acac_e,EX_akg_e,EX_ala_B_e,EX_ala_L_e,EX_arg_L_e,EX_argsuc_e,EX_asn_L_e,EX_asp_L_e,EX_bhb_e,EX_bilirub_e,EX_biomass_e,EX_but_e,EX_chol_e,EX_cit_e,EX_citr_L_e,EX_co_e,EX_co2_e,EX_creat_e,EX_cyan_e,EX_cys_L_e,EX_etoh_e,EX_fe2_e,EX_for_e,EX_fum_e,EX_glc_D_e,EX_gln_L_e,EX_glu_L_e,EX_gly_e,EX_glyc_e,EX_h_e,EX_h2o_e,EX_HC00250_e,EX_hco3_e,EX_hdca_e,EX_his_L_e,EX_icit_e,EX_ile_L_e,EX_lac_L_e,EX_leu_L_e,EX_lys_L_e,EX_mal_L_e,EX_mercplac_e,EX_met_L_e,EX_nad_e,EX_nadh_e,EX_nh4_e,EX_no_e,EX_o2_e,EX_oaa_e,EX_pchol_hs_e,EX_pcreat_e,EX_pe_hs_e,EX_phe_L_e,EX_pi_e,EX_ppa_e,EX_pro_L_e,EX_ps_hs_e,EX_ser_L_e,EX_so3_e,EX_succ_e,EX_tcynt_e,EX_thr_L_e,EX_trp_L_e,EX_tsul_e,EX_tyr_L_e,EX_urea_e,EX_val_L_e,EX_fol_e,OF_ATP_MitoCore,OF_HEME_MitoCore,OF_LIPID_MitoCore,OF_PROTEIN_MitoCore,HEX1,G6PPer,PGI,PFK,FBP,FBA,TPI,GAPD,PGK,PGM,ENO,PYK,r0122,PEPCK,LDH_L,G6PDH2r,PGL,GND,RPI,RPE,TKT1,TALA,TKT2,PDHm,CSm,ACONTm,ICDHxm,ICDHyrm,AKGDm,SUCOAS1m,SUCOASm,FUMm,MDHm,CI_MitoCore,CII_MitoCore,CIII_MitoCore,CIV_MitoCore,CV_MitoCore,PEPCKm,PCm,ME2m,ME1m,r0081,ACITLm_MitoCore,NDPK1m,NNT_MitoCore,ADK1m,ME2,ALATA_L,NDPK1,FUM,ADK1,ICDHy,ACONT,ACITL,ASPTA,MDH,AKGMALtm,ASPGLUmB_MitoCore,ASPTAm,G3PD1,r0205,FACOAL160i,C160CPT1,PPA,r2435,C160CPT2,PPAm,ACOT2_MitoCore,ACADLC16_MitoCore,MECR16C_MitoCore,MTPC16_MitoCore,ACADLC14_MitoCore,MECR14C_MitoCore,MTPC14_MitoCore,r1447,r0638,r0660,r0722,r0724,r1451,r0735,r0728,r0726,r0634,r1448,r0633,r0731,r0730,r0732,r1450,r0791,r0734,r0733,r0287,r1446,ECOAH1m,HACD1m,ACACT1rm,ACCOAC,MCOATA,ACOATA,r0678,r0691,r0681,r0682,r0760,r0761,r0762,r0763,r0764,r0694,r0695,r0765,r0766,r0692,r0693,r0767,r0768,r0769,r0770,r0712,r0713,r0701,r0702,r0771,r0772,r0696,r0697,r0773,FA160ACPH,FACOAL40im,BDHm,OCOAT1m,HMGCOASim,HMGLm,LEUTAm,OIVD1m,r0655,MCCCrm,MGCHrm,ILETAm,OIVD3m,r0603,ECOAH9m,HACD9m,ACACT10m,VALTAm,OIVD2m,r0560,ECOAH12m,3HBCOAHLm,HIBDm,ACCOALm,MMSAD1m,PPCOACm,MMEm,MMMm,MMCDm,RE2649M,THRD_L,r1155,r1154,2HBO,METAT,METAT2_MitoCore,AHC,ADNK1,CYSTS,CYSTGL,CYSO,3SALATAi,3SPYRSP,CYSTA,CYSTAm,MCPST,MCPSTm_MitoCore,r0595m_MitoCore,r0595B_MitoCore,MCLOR,r0193,TRPO2,FKYNH,KYN3OX,HKYNH,3HAO,PCLAD,r0645,AMCOXO,AMCOXO2_MitoCore,2OXOADPTmB_MitoCore,2OXOADPTmC_MitoCore,2OXOADOXm,r0541,SACCD3m,r0525,AASAD3m,R03103_MitoCore,r0450,LYSOXc_MitoCore,PPD2CSPc_MitoCore,1PPDCRc_MitoCore,1PPDCRc_NADPH_MitoCore,LPCOXc_MitoCore,RE1254C,r0594,2AMADPTmB_MitoCore,2AMADPTmC_MitoCore,PROD2mB_MitoCore,G5SADrm,r0074,GLU5Km,G5SDym,P5CRm,P5CRxm,ORNTArm,ORNDC,PTRCOX1,r0464c_MitoCore,ABUTD,ARGDCm,AGMTm,PTRCAT1m_MitoCore,APRTO2m_MitoCore,NABTNOm,4aabutn_MitoCore,GLUDC,4ABUTtm,ABTArm,r0178,GLUDxm,GLUDym,GLUDxi,GLUDy,GLNS,GLUNm,GLUN_MitoCore,PGCD,PSERT,PSP_L,GHMT2r,FOLR2,DHFR,MTHFD,MTHFC,FTCD,FTHFL,FTHFDH,r0060,GHMT2rm,GCCam,GCCbim,GCCcm,r0514,r0226,MTHFDm,MTHFD2m,MTHFCm,FTHFLm,FTHFDHm_MitoCore,GLYATm,AOBUTDsm,AACTOORm_MitoCore,LGTHLm_MitoCore,GLYOXm,LDH_Dm_MitoCore,CBPSam,OCBTm,NOS1,NOS2,r0129,AMPTASECG,GLUCYS,GTHS,r0399,DHPR,TYRTA,TYRTB_MitoCore,34HPPOR,HGNTOR,MACACI,FUMAC,ASNS1,r0127,HISD,URCN,IZPN,GluForTx,APAT2rm,MMSAD3m,MMSAD3m2_MitoCore,ASP1DC,CKc,CK,ACOAHi,ALCD2yf,ALCD2if,ACALDtm,ALDD2xm,ALDD2x,ACSm,ACS,ADSL1,ADSS,AMPD1,ARGN,ARGSL,ARGSS,ARGNm,ALASm,5AOPtm,PPBNGS,HMBS,UPP3S,UPPDC1,CPPPGO,PPPGOmB_MitoCore,FCLTm,PHEMEtm,HOXG,BILIRED,BILIRED2_MitoCore,PCHOLPm_hs,GLYK,GLYC3Ptm,GPAMm_hsB_MitoCore,AGPAT1B_MitoCore,CDSm,PGPPTm,PGPP_hsm_MitoCore,CLS_hsm_MitoCore,CLPN_MitoCore,CYTK1m,NDPK3m,SPODMm,GTHP,GTHPm,GTHO,GTHOm,CITtamB,r0913,CITtbm,r0917,r0917b_MitoCore,PIt2mB_MitoCore,ATPtmB_MitoCore,HtmB_MitoCore,MALtm,MALSO3tm,MALTSULtm,MALSO4tm,SUCCt2m,r0830,r0830B_MitoCore,r0829,SUCCt3m_MitoCore,COAtmB_MitoCore,COAtmC_MitoCore,GLUt2mB_MitoCore,ORNt4mB_MitoCore,r2398B_MitoCore,r2402B_MitoCore,LYStmB_MitoCore,ORNt3mB_MitoCore,ARGtmB_MitoCore,r1427,PYRt2m,ACACt2mB_MitoCore,FE2tm,ASNtm,r1437,GLNtm,PROtm,r1078,r1436,r1455,TRPtm_MitoCore,GLYtm,ILEt5m,LEUt5m,VALt5m,r1434,r1435,r1440,BALAtmr,UREAtm,FUMtmB_MitoCore,BHBtmB_MitoCore,PPAtmB_MitoCore,BUTt2mB_MitoCore,FORt2mB_MitoCore,r0962B_MitoCore,CHLtmB_MitoCore,CO2tm,H2Otm,O2tm,GLYCtm,CYANtm,TCYNTtmB_MitoCore,CREATtmdiffir,PCREATtmdiffirB_MitoCore,r0941,r0838B_MitoCore,Biomasst_MitoCore,PCFLOPm,PSFLIPm,PEFLIPm,Biomass_MitoCore,O2t,CO2t,HCO3t_MitoCore,GLCt1r,HDCAtr,HDCAtm_MitoCore,L_LACt2r,BHBt,ACACt2,ETOHt,BUTt2r,GLYCt,r0942,r0942b_MitoCore,HIStiDF,ILEtec,LEUtec,LYStiDF,METtec,PHEtec,r2534,TRPt,VALtec,ARGtiDF,ASPte,CYStec,GLUt_MitoCore,r2525,GLYt2r,PROt2r,r2526,TYRt,r2532,ALAt2r,FUMt_MitoCore,SUMt_MitoCore,r0817,NH4t3r,ACt2r,PPAt,2HBt2,CHOLtu,r1088,ICITt_MitoCore,UREAt,r1512,ARGSUCt_MitoCore,MAL_Lte,OAAt_MitoCore,AKGt_MitoCore,MERCPLACt_MitoCore,r0899,FE2t,H2Ot,Hct_MitoCore,Hmt_MitoCore,SO3t_MitoCore,TSULt_MitoCore,r0940,CYANt,TCYNTt,r1423,FORt_MitoCore,FOLt_MitoCore,NADHt_MitoCore,NADt_MitoCore,NADHtm_MitoCore,NADtm_MitoCore,COt,NOt,PCHOLHSTDe,PSt3,PEt
684,,1.2218814980064026,,,,,,,0.44860869888771,,,,,-0.26105943135241383,-2.099552142101932,,,,,,-2.1339887619000377,0.5741144049718041,,,,,,,,,,,,,-0.7667887276588414,,,,,,-0.27838111381085673,,,0.17518156218062272,,,,,,-12.495348076470673,,,0.22716398202307794,2.095155145074667,,,,,0.5115919242466137,,,,-0.3680172070108176,,-1.43574714113201,,,,,,,1.4405284367969684,,,,,,,,,1.2102313034438117,,,,,,,-0.05022824081642827,,,,0.6069979170953353,,,,,,,,5.287494435698069,,,6.059657728073021,,,5.276711435022869,6.832075033872368,,,,,,,,,,,,,,,0.20335228311008674,,,,,,,0.30744037862005663,,-0.5971518732537667,,,,,-1.7356851720508597,,,,,,,,,,,,,,,,,,,,,-0.590069734274203,,,,-0.17786038202088975,-1.147388003816984,,,,,0.9136740817881503,,,,,,,,,,,,,,,,,,,,,0.08152725296307009,,1.8228962155605426,-0.7449884047941555,-0.3890453047922308,,,,,,,,,,-0.5593157149884203,,,,-1.984096719884654,,0.6926044648429153,,,,,0.1599676348537248,,-0.3601796656796737,,-1.5487867326289886,-0.5090739234064962,,,,,,,,,,,,,,,,,,,-0.3830948314561586,,,,,-0.9108759873995476,,-0.008022849005316992,,,,,,,,1.0219103135060674,-0.0675416893388781,,,,,,,0.32912232666268115,,,,0.8831847404531361,0.5648676600678725,,,,,0.2855559799675955,-1.953130493080829,,,0.20345766489764527,,,1.832649516560104,,,-0.4615419487277647,,,,,,,,,,,,,,,,-1.051153226212997,,,,,-1.7361840393103318,,,-0.4240950968005011,,,,,-0.4622044376677009,-0.9508788472030733,,,,-1.4794277769626498,,-0.9616907760974281,,,,,,,,,,,-0.5813230072767286,,,,-0.07694436167328904,,,,,,,1.4203172424523456,,-1.482175554036916,,,,0.8876223983814359,0.33651086787941475,-1.9561210840793157,,,,,-1.7952477606897355,,,,,,,,,-0.6196505610268139,,,,,,,0.17027225861700374,,,,,,1.2218207739825488,,,,,,,1.7334748106724802,,,,,,-0.9731207763873114,,0.25191690209085255,,-0.034063292717961276,,,,,,,,,,,,1.5765438667907368,,,,,,,,1.3678699281389268,,,,1.1636047610013662,,,,,,65.72110738355249,,,,,,,,0.7220697580632365,,,0.7377205331759944,,,,,-0.036503928421154436,,,,,,,,-0.2709383989794615,,0.2009512425483271,,,,,,,,,-0.19258673028379106,0.15986104628934142,,,-0.5034554218415113,-0.057223324633063906,,-0.27290751598656915,,,,,-0.7790375021106289,,,,1.9899318294228414,,,,0.9216159719322183,0.670313297274755,1.5005716414804484,,,,,,,,0.518711599001108,,,,,,,-1.1905885388631103,,,,,,,,,,,,,1.5148790898603748,-0.3233608368724351,,,0.15793066671773437,,-0.8353990535957675,,,,,0.985906743756412,,,,,,0.20227986309651846,,-0.23645904796977774,,,,,,,,,,,,-8.10261028215149,,,0.2002636967214158,,-0.5897939148370958,,,,,,-1.0228833065746454,,,0.5297262140515216,,,-1.383310847358516,,
627,0.23660686277025403,,,,1.6181334504895066,,1.1549134767838485,,2.069793380874471,,,,,,,,,,8.082075811637438,,,,,,0.3210573259777056,,,,-2.9260334479612333,,,,,,,,1.2320439720100356,,1.2316375477577706,,,-0.981521540591363,,,,,,,,,,,,,,,,0.4007506257188239,,,,1.1190894568604566,,,,,,,-0.3162187355205234,-0.057544716894102066,,,,-0.14268590809776097,,-0.25391679995005695,,,,,,,,,,,,,,,0.3886086022338431,,,,,-0.92170607065528,,,2.6993635861580563,,,,,,,,,,2.0370181477285576,,,,,,,,-0.05108658645825071,,,,,0.33373177430933076,,,,-0.921342091579936,,,,,,-0.0850005977861561,0.5174423710965216,,,-0.9706016551335261,,,,,-0.6033749032872808,,,2.8856501381952184,1.3649557917033406,,,0.6712185335844391,,,-0.6747216252736752,,,,,,,,,,,,0.3096670544948541,,-0.9673699412851371,,0.39561037019481626,0.10707627350964669,,-0.9792245328633016,,,1.0881207869558989,-1.3460303924278791,,,-0.8892813988769379,,,,,1.2638558075948652,,,,-1.4671736765182775,,,,-1.245135502826176,-0.3681494063965865,,,-0.3508558966926789,,,,,,,,-0.17148458884803688,,,,,,,,,,,,,-1.0371002748263682,,-0.7345847106042446,,,-1.1829099593196242,,,0.40122971280482,,,,,,,0.017028528330705187,,,1.1261141491970574,,2.610527500623363,,,,,,,-1.6606399543122599,,,,,,,,,,0.36343450322152415,-0.2623795145739343,,,,,,,,,,,,0.10385972452806534,,,,,,,,0.027541389705151503,,1.0167694069374749,,,,-0.9647449230135619,,,,0.20366309173280778,,,,,,,,,0.6388207466634084,,,,,,,,,-1.82771864132049,,,,,,,,,,,-0.1716038133639445,,,,,0.34298375770326334,,,,-0.6695206510411935,,,,,,-0.3940421503205235,,,,,,,,,,,,0.1619556131891664,,,-1.1133507770006963,,,,-0.9637376118917065,,-0.8402833423280203,,,,,,,,,,,,,0.3840832239450517,,,0.6322891467552862,-2.440218075736636,,-0.27948107760688046,,0.549067423273695,,,,,,,,,,,,,,-1.5090959798056713,-0.7243268919422553,,,1.1721864930380632,,,,,,1.4250397560975228,,,-0.24508390618675846,0.13298550941616805,2.0845977008449994,,,-1.1918343261823487,,,,,,,,0.20029181116455855,,,,,,-1.37995879152177,,0.6017878347876069,,,,,-0.5744686896440545,0.3679016343242765,,,,,,,,,,,-0.07432937887456377,,,,,,,,1.080687685030929,,,0.02125772454802983,,,,,,0.355242920606283,,,,1.6675779382122162,-0.5738223381164824,,,,,,,,,,,,,-46.9180345531784,,,,,,,,,,,,,,,-5.133958328008037,,,,,,,,-1.6964982099746035,,-0.5383989072461257,,,,,,,,,,,-1.1059544355944613,0.6462565896269096,,,,,,,,,,,,,,,,,,-0.519650306678487,-0.46042760075762135,,,0.9454494217033603,,,,,-2.2616532195976773,,,,,,,,0.18022053579379457,-0.9270962571712973,,1.0788132827225019,,-0.1973433604841564,,,-0.2542741573503147,,,0.9488347614205032,,0.02839125811424193,
343,0.7519422312286692,,,,,,,,,,0.08667945456650138,,,,,,1.281373532511244,-0.26995571107222993,3.997151945077392,,,,-0.6686573728686831,,0.5174812573853663,,,,0.010952073583881493,,,-1.7697353902018254,,,,,,,,,,,,,,,,,-0.3272292682176335,,-1.5227730262948096,,,,,,,,,,,,0.7561958937846359,,,,,,0.9029408931028412,,,,,,-0.013464682845891307,,,0.7104785535540161,,,,,,-2.517064504088195,,,,,,,,,,,1.83669670139254,,,,,,,,,,,2.654467005980521,,,,,,,,,,,2.3040851286765394,-1.1886477641830773,,,,,,,,,-0.7785318042961413,-0.41355276734864227,,,,,1.5597887899366583,-0.10544419383707221,,,1.265244685690382,,,,-1.8945468148930085,,,-1.0699267729071948,,,,1.4423425546632236,,-0.4182834997763867,,-0.8923906217712618,,0.3067845584486656,,0.6752821628562242,,-0.7577356143717344,,,-0.03103507606180041,,,,,,,,,,,,,,0.8267219736460002,,0.19876685531818772,,0.4814797129717968,1.1892851822790376,,0.22484494930738744,,,,,,,0.3353197959290689,,,,,0.4530441291027307,,,,1.0458866689712867,,,,-0.9090389855532133,,,,,,,,-0.4064811727324526,-2.2446432440122046,,,,-0.5531361500362513,,,-0.5833940378111758,,,,,,0.7688937704212929,,,,,,,,,,,,,,,,,,,,-0.8274077752834522,,,,,,,-0.6091974282059983,,,-1.306910012394164,,,-0.8118244751307814,,,,,,,,,,,,,,,,,,,,,,,,,,-0.6998657334345787,,0.12998975902842413,-0.782144673596909,,,,,,0.04918714064856963,,0.5123985192629307,,1.3226985144119072,-0.16492467750226592,,,,,-0.6679434292234071,,,1.843905304507224,,,,-0.3467595723976767,,,,-0.16622259886209453,,,,,1.0314310907586794,,,,,,-0.8750121639244048,,,0.8366821658484102,,,,,,,,,,0.35723531636265277,,,,,-0.44105265297386204,,-0.40849629232000323,,2.010038617829206,-0.06596542186061027,,,,,,,,,-0.7493628809225639,,,,-2.928958028867607,0.2688292152821864,,-0.17478484087899507,1.3748297067989574,,,,,,-0.18191772337886336,-0.27945027283330287,,,,,,,0.5138967406670408,-1.1113530395346438,,,,,,,-0.9304122135352554,,,,,1.0574640406684326,,,,,0.38264307553498833,,,,,,,,,-0.2580447748127244,,0.886097762792263,,,,,,,,,,,0.8141396882867318,,28.632930560476012,,,,-0.5418406267056858,,,1.5909273561532995,,0.06714975584218777,,2.6087976261773864,,,,0.7324401846249143,1.5068234958576179,,,,0.3755626941141983,,,1.9248431695491317,,,,,,,,,,,,0.6763165923441328,,,,,0.7451418449487293,,1.4446570646033619,,,,,,-4.963879296054717,-35.478540328206996,,,,,,1.6781422198896263,,,,,,,-31.14222780040185,,,,,,0.5904565561438538,-0.07608456645172607,-0.004324356513307527,,,,,0.5600059511665253,,,,,,,,,,,,,,,,,,,,,,,,,,,0.0373164708668949,,1.2406909896323304,,,,,,,,,,,,,,,,,0.6946647379087783,0.6037098446329991,,,,,-1.04520452078217,,,,,,,,
809,,,,,,,0.8817468200099549,0.5105108616966603,,,,1.1339240859736155,,,-0.24870030232977755,,1.768401752372537,,,,-2.5683344416733918,0.14521133960016488,,1.894996045785512,,,-1.1054354226249843,,1.4378099592703764,,,,11.506914847753123,,,,1.7022988766864442,,0.07827670671975424,,,,,,,1.7255040113720463,,,,-17.624041508381616,,,,,,,,-0.2409058271628443,,-0.3147915097953598,,,,,,,,,,,,0.03423466361791552,,,1.514180466493877,,,,1.9063068571172155,,,,,-1.676368721873425,,,,,,,,-0.14391983757185203,-0.1793476651036801,,,,,,5.8774737474586765,,,,,,,,,,,,,,,,,,,,,0.3355958240696136,,,,,,,,,,-0.21504861079065007,,,,,,,,,,,,,,,-0.33460608780387885,,1.8432751445593427,,,,,,1.883493029675083,,,,-0.3669764850750133,,,,,1.8880243289988605,0.0034624823333303523,,,,,,,,,,,-0.13487451444522494,,,,,,,1.2399799187680025,,,,,,,,,,,1.4935694347503865,,,-1.4345664404375302,-1.0897848418303089,,,-1.5249319089629925,,,,,,,-0.17382909993578177,,-0.18204632866405868,,0.8871247985725844,,,,,,,,,,,,-0.35711419367237796,,,,,-0.03558265357116514,-1.7018142811983294,,,,,,,,0.35175224729553384,,,,,,-0.42331265375641186,,,,,,,,,,,,,,,1.3910922349953325,,,,,1.5272697414243506,,,,,,,,-0.5819580938918226,1.4090583359003515,,-0.17794865074021773,0.8892881287866653,,,,0.07768121531399463,,0.05098134188783639,1.6775988789444347,,,,0.9285131540831943,,,,,,,,,,,,,,,,,,0.9331405526272488,,,-0.7781518158323664,,,0.5359127747304071,,,,,,,0.3915738962237593,,,,1.720121195701919,,,,-0.36740438557635996,,,,,,,,,,,-0.06476318967692714,,-1.173498509983382,,,0.4417406839417212,,,,,,,,,-0.6149893578329303,,,,,,,,0.633993274432129,,,,,,,,,,,,,,,,,,,,,0.7335840616079198,,-0.7648622795718937,0.926754393163052,0.21205220980142608,,,,,1.3088012407859504,,,,,,,,,,-0.5057849836716657,,,,-1.1851870768202026,,,-0.3683904619783166,,,,,,,,1.0877646839989978,,,,,,,,,,1.767032798555855,,,,,,-0.38676359165078067,,-0.6350024031841761,,,,,,,,,,0.07315505828290328,-0.1493560327738611,,0.990062140700564,,0.8712836051429633,,,-0.043311616677443425,,,,,0.1336305927901223,,,,,,-1.5201545707736837,0.610960080968677,,,,0.2817741984868032,,,,,,,,,-0.879615507655356,-0.8413451780287792,,,-2.0970092720688216,0.9663188156239761,,,,-90.37546157558545,,-14.161642714521655,,,,,-0.2267313502412739,,,,,-1.7956022896845047,,,,,,,,0.9517076636811024,,,,,,-0.04887759497638889,0.28113759272045724,,,-0.7371860351355006,,,0.7022918682924877,0.6551097668108443,,,-2.050320316608567,,1.6934922916825557,,,-0.33798848378693325,,-0.27457454104139173,,-1.22261749042676,0.24286294091696328,,,,,,,-12.156923737539353,,,,,,0.887345379350932,,,,,,,,,,,-0.9635719378258851,,
443,,,1.1379412674071523,,0.42131313095859624,,,,,,,0.49200564955865567,,,,,,,,,,,,,,,,,,0.5249823908219068,,,,,,0.42141684667999124,,-0.5961590494962901,,,,,,,,,,,,,,,,,2.4185079522278214,,,0.23557939254100418,,,,,,,,0.2212229932907599,0.018011057990176015,,,-0.2246470401620142,,,0.6095527783217513,,,,-0.054659059762241974,,,,,,,-0.04201184958408079,,,,,,,,,,,,,,,,,,-0.02401555200169613,,-0.1233799980475199,,2.5503614714911533,,,,,,,,0.28980044877600536,-0.8387150886137329,-2.6765365076809027,,1.0191596644594507,,,0.711093178941647,,,,,,,,,-1.2273027378723977,,,,,,0.3990582897609426,,,,,,-0.5681088788491011,,1.1913200555312504,-2.3960499857782405,,,,1.7370704075420034,,2.1723081830535205,,,-0.2896556863745874,,,,0.3215943567663454,,-0.36567878709836865,1.0989473628102244,,,,,,0.4983512861837714,,,,,0.777005011199764,,,,,,,,1.473434347075292,,,,,,,,,,-1.6482157080670232,,,,,,-0.5939643588859046,,,,,,,,,,,,-0.2581437767206184,-0.356037242137665,,,,,,,,,-2.203553564986609,,,,,,,,-1.5418319974096661,,,,-1.0703048197792249,-0.04511274953520499,,,,,,-0.566453282897632,,,,,,,,,,,-0.44851933137342614,-1.572670730883943,,,,,0.49738232692303513,,,,-0.5449872552063872,1.1905305175559462,,,-0.1715943115254847,2.0060217241274296,0.6918349098364321,,,,,,,,0.5402207855049266,,,,,,,-1.2444332913166865,-0.08809136424373529,,,,,,-0.3173345799733903,0.12637279878515395,-0.8556653511715288,,,,0.49452105020824555,,,,,,,,,,-0.09948194234534669,0.8964481406560365,,,,,,,,0.8981646494714173,,,,,,,,,-1.016249849283283,-0.6638144764264314,,-0.7765049783451976,,,,,,,,0.498857973542784,,,,,,,,,,0.43819458931474214,0.36802962874500394,,,,,,-1.6338894831615693,,,,,2.189591050523795,-0.6947580343471785,,,,,,-0.5992582247132257,-1.2301526263661349,,,0.12335937182945887,,,,,,,,,,0.5931396745910195,,,,,,,0.6811830713567435,,,,,,,,,,,,,,,1.6480465179672574,,,,0.15040915086684717,,,,,,-0.19870151392457136,0.18298486941202047,,,,,,,,,,,,49.41577465148778,,,,,,0.5391446835380364,,,-0.4146218060447005,,,,,,,,,,,,,0.6872511698947248,0.15680003120986574,,,,1.1968170250106551,,,-1.1244602568868394,,,,0.3783700030892453,0.7234669350254066,,-0.26718575567984,,,0.2323405460467793,0.9365460893733439,,,,,,0.3892088449186437,,-8.063534240257347,,,0.7241513091463523,,,,,,-1.199551859892299,,,,,,,,,,,,,,,-0.5031577808771922,,,,-1.6496503398133484,,,,,,-0.3252990304357694,,-0.1928867351259501,-0.47873565636371807,,,,0.2329614166583867,,,,,,,,-1.82654088792002,,,,,,1.0584108051889187,,,,,,-1.2717727739660327,,0.2535913647148744,,,,,,1.4281182912339845,,,0.5003938368988846,,,,,,,-0.2777621289288974,,,,,,-1.3952789264994094,,
750,,-0.8822202931365434,,,0.08919589069746159,,,,,,,,,,,,-0.07296541843659776,,,-0.19358371233590385,0.7057133418840341,-0.06301114380655448,,,,,,0.05878236604378532,,,,0.49073305895951413,,,,,,,,,,,-0.021491067653037006,,,,,,0.1119315769525379,,,,,,,,-0.8641825519436052,,-1.2696161253181317,,0.2634130868024386,,,,1.2584890575653216,0.6558370100659573,,,,-0.4818370400128791,,,,-0.11607815225340459,,-0.31510036315425194,,,,,0.601245028827623,-0.22021753956854884,,,,1.8992277789387086,,,,,,,,,,,,1.637977007431048,2.264961906465153,,,,,,,,,,,,,34.363805735945455,,,,,-0.7242868175882603,,,,,,,,0.2718953126626691,,,,,,0.25193113503815856,,,,,,,2.073567170381698,,,,0.3718766352173205,,1.2759742009987618,,,,-0.9219385318133516,,,,-0.47878469428987935,,-2.3370151272134883,,,,,,,0.0321141742279875,,0.5171500886919648,,-1.7682061283294153,,1.9148120620981997,,-1.564164437688168,,,,,,,,-0.7879518022111409,0.9952700250218801,,,,0.25131122159119873,,,,,,-0.2764817673928913,,,,0.740085610407112,,,,-0.7406993547502777,,-1.0129661199205695,-1.8478300082417953,,,,1.2350720114550728,,0.07604039629437559,,,,,,,,,,,,,,,-0.6957343636089609,,,,,,,,-0.5002675462737408,,,,,,,,,,,,,,,0.18860908439762153,,,,,,,-0.6204316782453667,,,,,,,,,,1.050850014648782,1.9054894320412759,,,,,,,,,0.3448098522992367,,,,,,,-0.7664593150051404,,,,,,,,,,,,0.24857758650181883,,,,,-0.7169049919588226,1.098442567764457,,,,,,,,,,1.0914819847676909,,,,,,,,1.0892796718297428,1.8679273060099135,,,,,-0.8792266466981448,,,,,,,,0.5138319624990627,,,1.664652531307227,,,,,,,,,,,0.7163923832248914,1.5182293489634657,,0.8536425577758502,0.4848877981261949,,,,,,,,,0.6994723131723748,,1.453473418055136,,,,,,,,0.32651723012242695,,,,1.4903455501074463,,,0.16814661670965103,,,,,,,,,,,,-0.873926557257134,-0.14107174184073856,,,,,,,-0.26541356118821235,,,,,-0.1755511040925631,,,-0.012336470779127667,0.6282887077015028,,,,,,,,0.902451018426245,,,,,,1.1886502800409071,,,,,,,,,2.489998688213353,-1.4988148066165692,1.1212757389672467,0.7140743684395362,,,,,,,,,0.5630908127583235,,,,,,1.2247759682461652,0.9910953403266695,,0.5760333396436083,1.587499875690954,,,0.17240608235313568,,,,,,0.23463840193438942,,,,,,,,,,,,,,,,,,-1.420827020857575,,,,,,-0.02674487338485753,,-1.604169550259517,,,9.255119286590217,,,0.09039173916989773,,,,-0.7443068416443643,,0.3472619663946516,,0.3607400641412934,,,,-1.200695451024891,,,,,,,1.4821880680516524,,,,,,-1.9860896843517504,,,,,,,,-0.33520023197898946,,,,,,,,,,,,0.3931362116730095,,,,,,,,,,0.1640540763635032,,-0.6409636053941113,,,,,-0.6418311226501309,-1.935410899412393,,,,,,0.027014521009635355
829,,,,,1.3920397773871889,,0.4653606737644813,-1.4245256497247019,,,,,,,,,,,,,-1.8068652593878056,,,,,,,,,,-1.2573758893974398,,,,1.6534759374933834,,,,,,,0.9648787772090496,,,,,,,,,0.6305007291379423,,,,,,,,-0.4166267503022437,,,,,,,,,0.15361154602501842,0.3683207700446487,,,,,,0.10458628919096735,,1.95591724781118,,,,,,,,,,0.2556193501955169,,,,,-0.11196032562702145,,,,,,,5.799672995318346,,6.8916921613602025,,,-0.7265502880398659,,,,,6.9205292280026205,,17.337907395134252,,,,,,,,,,,0.08739472778815444,,1.2633486816482966,-0.13430170447884207,0.7849736575442341,,,,,,,,,,,,,-1.4228782083778606,,,,,,-0.5461495459418269,,,0.21008144733099945,,,,1.2873010124769326,,,0.0020485943057253486,,,,,,,1.0416764552590605,,1.4940136810536315,-0.9463988984724389,,,,,1.5329782737930198,,,,,,,,,,,,,,,,,,,,,,,0.966554558069603,,,-0.2177919724644531,,,,,1.13538172212562,1.0174676003214287,,0.5848597013090931,,,,,,,,,,1.381739054721658,,,,,,,,,,0.6812380718795553,,,,,,,,,,-0.8402781159563222,,,,,,,,,,,0.3732040128510968,,,,-0.13954735747872227,1.7091473731519846,,0.27338479993091175,,,,,,,,,,1.0538787275724004,,,,,,,,,,,0.29241026345612736,,1.0934090194699264,,,0.2357909027278563,,0.04474551865994058,,,,0.7288041256652373,0.3633672309927851,,,,,,,,,,,,,,,-0.41637117689394254,,,,,-0.8370307059037011,,,,0.986063778341454,,,,,,,,,,,,,,,2.293152780156044,-0.9519403460569777,,,,,,,,,,,,,0.8374433676406895,,,-1.2005181067187094,-1.6534931108358668,0.7790233969253236,-1.0716994223836427,,,,,,,,,,1.2585657970712434,,,,,0.05091730685341099,,,,1.4804960606203244,,-0.5458680315974073,,,,0.383856508654406,,,,,-1.4422941564143996,,-0.18950133372033737,,,-0.14328599313697488,,,,-0.8005746194438302,,-0.10471763219458806,,1.1287367335899943,1.1161478887371747,,,,0.2843636641656574,,,0.8961159692356564,,0.6630984065850439,,,,-1.3771266380076845,,,,,,,,,,,,,,,0.13927051112700503,,,86.29881522145453,,-0.9518116482320043,,,,,,-0.04563065554728409,,,-2.1049859103914197,-2.0099839975416613,,,-1.952987683614874,-1.3765042366271112,,,,,-0.8580813658208888,,,-3.90656216886058,-2.0485729787192923,,,0.43175091043919467,-0.8662128256039298,,,,,,,,,,,,,,,,,,,,,,,,,,,0.07698169574444247,0.0077028043805620686,,,-0.8018295951115745,,0.3829044274447497,-86.772597999333,,,0.05422680680982557,-0.02315578766315929,,,-0.9576055237394249,,,,,,,0.16216600425642527,,0.6350452881163172,-0.8716802465628798,-0.5664557290224163,,,0.02971432494748117,,0.3596174553553883,,,,,,,,,,,,,,-2.3492063683636406,,,,0.7299240460546205,,,,,-1.3924213290495375,,,,,,,,,0.24347089154386226,,,,,,-1.0634292760591875,,,,,,,,,,,,-0.18805104862200292
106,,,-0.7659093630252184,,,,,-1.5893453259246424,,-1.4891872297715203,,,,,,,,,11.894362739661823,,,,,,,,,,,,,,,1.8856326774417496,,0.17982106864338399,,,0.5963556848144329,,,,,-0.6954131713982784,,,,,,-17.985813181994228,,,,,-0.35821350126980656,,,,,,,,,,,,,,,,,,,0.6393498355278336,,,,,,,2.6034459804667867,,,-1.5613118482690775,,-0.013025527153950223,,-1.0222119053788048,0.2216689512874412,-2.44610072678863,0.13228917887773153,,-1.1659571156354482,-3.231829575478631,,,,,6.219299270011718,,6.800509414190534,,,,,,,,,,,,-0.19173424874552075,,,,0.06530836969797518,,,,,,,,0.15900209365333853,,,,-0.5941856769620835,,,,,,,,0.09520284294701487,,-0.43068778862931134,,1.906776501638939,,,,,,,,,,,,,0.9123892053484507,-0.46069041750098016,1.1729295978024539,,,,0.8101313839312215,-0.9725799736125078,,2.274901465873376,,,,,,,0.6066183428438429,-0.11332107282408005,,-0.622884192738266,,,,,,,,,,,,,,1.2134453049510256,,,,,,,,,,,,,,,,,,,,,,,0.728934817750932,,,,,,-0.8712829163121194,,,,,,,1.419434003412218,,,,,1.4760379587468249,,,,,,,0.6627399114295687,,,,,,-1.0084129060968166,0.48412322255554147,,,0.1746650450696941,,0.6807491932279871,-0.3590502067108803,,,,-1.3509912823098376,,,0.22191098201395765,,,,,1.0218203204318357,,,,,-0.46790226479925656,,,,,,,-0.31790446110619164,-1.051790446105981,-0.6782209376724156,,,,-0.7405949215323447,,,,,,,,,,,,,,,,0.8118774075054743,,,,,,,,0.587228146764371,,,,,,,,,1.801225059361974,,,,,,,,,,-1.067521221773401,-0.18640646226636018,-0.7992583274324476,,,,1.7980833786614483,,,,0.5311117116035874,2.7130684906943983,1.1270810440038168,,,,,,,,,1.292792262328682,,,,,,,-0.3886788519878465,,,2.07980294172336,,0.8701143057270704,,,2.153756201507364,,-0.620757867023582,0.3285101458942457,,-0.6011568862745285,,0.18961654835357236,,,,,,,,,,,,,-0.053770716150613004,,,,,,,,,,,,,-1.5658595490674976,,,,,,,,,,,,,,0.06623978312124423,,,,,,,,,,,,,,,,,0.5195963923889052,,,,,-0.28211887500043065,-0.2059756729211884,-0.347441507947517,,,,0.8462626136178811,,,,,,2.4614281450479747,,,,,,,,-0.41454520944639994,,,,-2.185136353494453,0.36520204041822374,,-0.08877633255600173,,,1.2794480374484842,,,,,,,,,,,,,-90.75870539379655,,,,,-0.6071753391775225,,0.09567203524000287,-1.018873174753183,-1.2295528433409981,,,,,,-12.611189083424419,,,,,,,,1.906454041521968,0.2503258656510638,,-1.5481766291431545,,,,-0.3469210272002512,,,,,,,,,,-0.8836668635037773,,,,,,,0.6827451897702873,0.07056486969779531,-0.7336442782288253,,1.325337943730736,,,0.39980998240668236,,,,,,,,,,,2.085117959959537,,-10.459115521532965,,,,,,,,,,0.1761805278882188,,,,,,0.9166853309530725,,-1.17764989066401,
15,,,,,,0.04097597702100158,,,,,0.46286255366436413,,,,,,,-0.42824926921870676,11.431411001848977,,0.8062005719962833,,,,,,,0.670905846544779,,,,,,,,,,0.8369759879804832,-1.0887880492121214,,,,,,1.632081932090201,1.0550002626938835,0.89771839761325,,,,,-2.931209411533695,,,,,,,,,-0.2837616882851629,,,,,,,,0.39125221103557506,,,-0.09446480608394697,,,,2.238724259295998,,,,,,,,,-1.0123258269037119,,-0.7168555351999479,,,,,,,1.7034826848473426,,,-0.400234829818796,,,,,,,-0.022902787384602698,,,,18.930327797296872,5.832107729471578,,,61.41927148939076,,,-1.4066992512572012,,,0.09726769523135727,,,-0.6712351371073483,1.4311579227006146,,,,0.10657815645882956,0.7908618989082954,,0.5951746997853768,,,,,-0.03869897640911346,,,-0.11948540256365014,-0.21908674256628025,,1.8982654203671845,0.1927317193940744,,,,,,0.15837487812401885,,,0.9063723217987772,,-1.212567843028682,0.4237775128293411,,,,,,,-0.26885353652869304,,0.9166224375336747,,,0.7725571310083315,,-0.5627874043587879,,,,,,,,0.503592649647402,,0.18832656861546204,,,,,,,,,,,,,,,,,,-1.3101219726747675,0.02685163377929974,,,,,1.7691068085879054,,,,,0.19562486913239552,,,0.9180315280484728,,,,0.34968924024701253,,,,,,,,,,,,,,,,,,,,,0.29763555479797926,0.37269828431891666,,,,0.6303193313602319,,,-0.4158309979017479,,,,1.3379304610611589,0.902198736445133,,,,,,,,,,,,,,1.7398389548413482,,,,,,,,,,,,,,,,0.3744904879400976,,,,,,-0.7741375619285665,,1.6341212472557431,,,,-0.29387090427395296,,,,,,,,,,,,,,0.11973236823276652,,,,,,,,0.44826854073163136,-0.5027343814255456,,-0.5480573375274758,,,,,-0.7434850451193052,,,,,,,,,,,-1.2336839649140756,,,,,,,,,,,2.518843681433107,,,,,,,,,,,,,2.4281684304005835,,,,,,,,0.3708615174276743,-1.2892838158475848,,,,,,,,,2.113143689880556,,,,,,,,,,-0.1215165513884396,,,-1.665797817677344,,,,0.37725423133518166,,,,,,,,,,0.8267709282694234,,0.3554947892616745,,,,,,-0.36048246206148216,,,,,-1.4938814904020556,-1.3363074886442743,0.7051350354567804,,-0.7048586791689528,,,,67.02871690364539,,,,-0.10866931254714428,1.8194050470186198,-1.6743082512907825,,,,,,,,0.8064634946312037,,,,,,,,,,0.7762974004348082,,0.7172519755569722,,,1.1186220887029574,0.21592890658623118,,,,,0.4586217367944438,,0.6590091859605038,0.5573188630122983,,,,1.1156765133855575,,,0.11888867432276107,,,,-76.9219625074636,,0.09307823547069859,,,,,,,,,,,,,,-0.13048968405186084,,,,,2.0067428794675433,1.0412819846590153,,,,-0.5595686825764494,,,,,,-1.0039148266216884,,,,,,,,,0.5192057041303921,,,,,,2.06638099516834,,,,-0.07117318277464726,-0.7464961732941154,,,,,,-1.3551786000530224,,,,,,,,0.8309375638250661,,,,,,,,,,,,,,,,,,,,
207,,,,,,0.9351547778234867,,,,,,,61.255746438802376,,,,,1.0903476658643318,,,,,,,,,,,,,,-0.3703648455296978,,,,,,1.6546909216060244,,1.0343751689240976,,,,,-1.0752091132311943,,,1.2418052275356322,,,,,-0.27380651959484037,,,,,-0.21450920666767964,,,,,,,,,,,,,,1.6879915879292113,,,,0.9216088416124082,,,,,,-0.9577265586312613,,0.06812997910294072,,,,,-2.1099246843003656,,,,,,,-0.2956275614470805,,,3.007184052954414,,,,,,,3.4584144663710443,,,5.066943169360396,,14.005042100355112,,,-1.872316815186903,,,,,,-0.8069702921445672,,,,,,,-0.25016795791852026,,,,1.8970286199374282,0.5008719066901632,,,,,,,,,,,,,,,,,,,,,,,,,,,,,,,,,,,,,,,,,,-1.6156116560025364,,,1.7732579873333554,,,,,,,,-0.4033164623242475,,-0.19129292457374286,-0.2738910119394087,,-0.11086466462734737,1.1821126052071376,,,,,,,,,-0.6024332306508656,0.2220321394885868,,,,2.349199939574659,1.0137910193334516,,0.4656954244210886,,,-3.4157229688602855,,-1.7130440805518892,,,,,1.1315300004191038,0.5179321900257643,-0.2976110669170609,,,,1.5807010744127228,,0.006249363729946487,-0.3077564715043742,,-0.4579497972404944,,,,,,,,-0.7030801907185343,,,,,,,,,0.8586798886591269,0.4614245552080683,,,1.131492927747325,,,,-0.599602051640964,0.5832960892193051,-0.2510504290492962,,,,,,,,-0.5573671404664196,,,,,,0.5276219816914098,-0.7896009591515029,,0.6050199973901809,,,1.4109245748249628,,,0.4208800911092924,,,,,,,,-0.015219636764035267,,,,,,,,,,,,,,,,,,,,,0.30414922403322997,,0.005412681271706203,,,,,0.0632250048248336,,,-1.0002794213573465,,,,,,,-1.388299335834089,,0.44367435519260084,0.3439222512631303,,,,,,,,,-0.20210111134896605,,,,,,,,-0.9339567388491099,,,,-1.5719651671087118,,,,,,,,,,,,,,,,,,,,,,-0.32373659197784393,,,,,,,,,,,,0.5749259933013157,,0.6306120810048459,,-0.0946959972144288,0.15045454925530405,,0.7729239702886073,,,1.9442518498719197,-2.9666404223107246,,,,,0.24307611127534498,,,,,,,-0.1911626806408063,,0.15563641719705876,,,,-1.2619782539379287,,,,,,,,61.218416641244424,,0.4360152981015506,,,0.21731626744129467,2.6049901921440575,,-0.3268387837952525,,,,,-0.22123165160836067,,,,,-0.43781997568431147,1.2015162975189948,,,,,0.6642493568211135,,,-0.08194414975790452,,,,1.5609529486858769,,,-0.8779978959470485,,,,,,,,,,,,,,,,,,,,,,,,,,-0.3702512303003522,,,,,,0.5203517637664204,-0.2616838886687436,0.4142769882708089,,,1.4280866508218744,,,,,,,,,,,,-0.45792196305118804,,,0.1441560908032536,,,,,,,,,,,0.5182730643211133,,,-2.0194579751331236,1.4587420257600492,,,,-2.536839170053226,,,0.2282737097702179,,0.8512640337191772,-0.5171819535801226,,,,,,,,,,,,,,,,-2.4769675881262185,,,,,-1.1585060766065172,,-1.32854324618083,
